Tourism_Impact,Impact_Balance,Satisfaction,Glacier_Melt,Carbon_Emission,Infrastructure_Stress
Negative,,1,0.5612773905062569,8.198758530704263,1
No impact,,2,0.39465844368263436,11.276783851216766,1
Both,Positive outweighs,3,0.4376231039304195,9.34276304850203,2
Both,Negative outweighs,3,0.6914031353866786,11.206374862164687,3
Positive,,5,0.4809317599236653,8.911771995771614,5
Positive,,4,0.5217432873179723,9.674414187855412,5
Positive,,5,0.5870067730688754,10.081838350791442,4
Both,Neutral,4,0.5495681887972604,7.9956250884370546,1
Both,Neutral,2,0.5150418905143577,11.481648690840252,4
Both,Neutral,4,0.5364961002466225,8.973572867056829,2
Positive,,5,0.7403415585238275,9.542800169319962,5
No impact,,2,0.49423812029664144,8.011301250782976,1
Both,Neutral,2,0.5201099046714968,4.875332682409379,2
Positive,,5,0.6050654396007612,9.617944474799662,2
Positive,,5,0.6105525932957984,14.825230843225832,1
Positive,,5,0.618703030556038,11.569208575796047,2
Positive,,4,0.5638730222029185,9.961479240531212,1
Both,Neutral,2,0.38569950872695163,9.474218341583464,1
Both,Neutral,4,0.6633431532301096,10.044931785624092,3
Positive,,5,0.3853654606981312,11.09423823035042,4
Both,Positive outweighs,4,0.5302635465239033,7.63837436938231,2
Positive,,4,0.4245724149980642,12.228643389337744,2
Positive,,4,0.49358616534070077,11.430762630882487,3
Negative,,2,0.532876241030348,11.43637145141587,3
Both,Negative outweighs,3,0.5321357215450273,10.876951477619455,3
Both,Positive outweighs,4,0.5421920754235284,10.03923331538798,5
Positive,,4,0.6613711269058647,11.34572247193364,5
Both,Don't know,4,0.545353430151398,11.183628267482757,5
Both,Don't know,4,0.4755843364709351,9.291918578117953,1
Positive,,4,0.5964087168288357,8.852796454206198,2
Both,Positive outweighs,3,0.6189470488924641,10.203712590523974,4
Positive,,4,0.37723921848630076,13.098040302990375,1
Positive,,5,0.5597400069849858,7.521785848692199,2
No impact,,3,0.5701172742310898,7.06494946849512,2
No impact,,4,0.4702436496640008,10.329521682473034,3
Both,Neutral,4,0.6375706813311619,10.101775403712036,3
Positive,,4,0.48499444129674735,10.346683328740816,1
Positive,,5,0.5125576453471542,10.487906395817001,3
Both,Neutral,3,0.48269281757161303,9.55359549073039,2
Both,Positive outweighs,3,0.5015579047581468,12.979726877204165,3
Positive,,5,0.3903724913104798,6.798192043046969,5
Both,Negative outweighs,4,0.3559949117405705,8.343005950439508,3
Positive,,5,0.6594505063224972,9.793490479701905,2
No impact,,2,0.4153038651681672,6.7136223776916655,1
Positive,,4,0.4008607650543693,9.648291191135858,4
Both,Neutral,3,0.2846609886396285,13.322940331456037,3
Negative,,1,0.4361038252310498,10.041772976591924,2
Both,Positive outweighs,2,0.3676910206592502,10.461401811437367,4
Both,Neutral,2,0.664201516013637,7.47967046965484,4
Positive,,4,0.6009817089342634,8.767277183921045,5
No impact,,2,0.4311849654822276,9.249607239352127,4
Both,Positive outweighs,3,0.7252435805344308,9.364569806487532,2
No impact,,2,0.5981765486991595,12.563287590007537,2
No impact,,2,0.46751686164913775,11.11538212145025,3
Both,Neutral,2,0.2500594285126427,7.777084086125936,3
No impact,,3,0.7290942572590742,10.49300955686401,3
Positive,,5,0.3610427533236404,10.996443496993571,4
Positive,,4,0.3354601253043108,12.280298077042533,4
Positive,,5,0.6022570432009641,13.161081373136748,5
Negative,,1,0.7439752406339273,7.969811616344263,3
Negative,,2,0.6384272818510518,8.378284977579323,1
Positive,,4,0.5563909120052359,7.4848442821707675,5
Both,Don't know,4,0.5594754341665286,9.531960281786038,1
Negative,,1,0.5853415558780308,10.93271674889267,4
Positive,,5,0.5758928589786765,11.974669033178204,5
Both,Don't know,3,0.5281191423969376,9.848097952714955,5
Positive,,4,0.5104201103951876,9.360304953490312,2
Both,Negative outweighs,2,0.49374068721004777,10.30351598449748,4
Positive,,5,0.4246035411133324,8.329714196739953,4
No impact,,4,0.47193249231332257,14.179077443389547,5
Both,Neutral,3,0.33070431858046145,6.784677945763883,4
Positive,,5,0.490166037320525,10.36948115779145,5
Positive,,4,0.40114088928490826,14.04721243845928,2
Both,Neutral,3,0.38964106827842293,10.013599689119996,5
Both,Positive outweighs,3,0.5179894151153478,9.61992192999701,4
Both,Neutral,3,0.6392002286344599,9.285109154379146,4
Both,Positive outweighs,3,0.5918316606002313,9.639216636475185,5
Positive,,4,0.3429499396376823,12.74569694935306,5
Negative,,2,0.40103718634296626,5.576276177340986,5
Positive,,5,0.5940771187988216,13.066867402592651,3
Both,Negative outweighs,3,0.40175126064616906,7.15208569509971,4
Both,Positive outweighs,4,0.47753668500029756,9.466695341531171,4
Negative,,2,0.5550052099024552,9.141511159402675,3
Positive,,4,0.40316555451363645,11.17710653954144,5
Negative,,1,0.5105375506145959,6.803751296232505,2
Negative,,1,0.36659745050817955,10.924345332163886,5
Both,Positive outweighs,2,0.4398632356048786,14.048619246573704,5
Both,Positive outweighs,4,0.5319781934142537,7.273651990814379,3
No impact,,3,0.3407006266468331,10.379412335220792,4
Both,Neutral,2,0.5440474737960399,8.676035644406781,5
Positive,,4,0.4980362201073319,10.85177441238607,4
Both,Positive outweighs,3,0.5552489954417148,10.038295554831505,1
Both,Neutral,2,0.5223914134064661,8.71702618191138,4
Both,Positive outweighs,3,0.6364140429973845,10.975744569742147,2
Both,Positive outweighs,2,0.5125224502647907,13.608696219573487,2
Both,Negative outweighs,4,0.4570594458874747,9.618192416545403,5
Both,Neutral,2,0.5122297503032284,11.439515884296364,4
Both,Positive outweighs,2,0.5543298029036388,7.413454084257673,5
Positive,,5,0.5048860070325705,8.087127246363982,3
Positive,,4,0.5040591691203883,10.944812555760755,2
Positive,,5,0.42980083121932444,12.96823205707193,5
Both,Negative outweighs,4,0.4337099082449052,10.71122669757132,3
Negative,,2,0.3597394728200306,9.373883938953691,5
Both,Neutral,3,0.6749576743186939,9.998582810846708,4
No impact,,2,0.3756136764608715,7.499184532060565,4
Positive,,5,0.4307094802204093,11.209030652710734,4
Negative,,1,0.42815927344308025,11.76466612464682,4
Both,Negative outweighs,2,0.5894924376944441,9.09581933433384,1
Positive,,4,0.4705050321707972,9.059915704480996,3
Positive,,5,0.6247742072673734,10.531756459304097,3
Positive,,5,0.4326509375756131,9.126560527918809,4
Positive,,5,0.5278994162223802,9.867734770748354,1
No impact,,3,0.41646529467402427,14.199443578333032,4
Both,Positive outweighs,3,0.7145149127773388,9.505948598508006,1
Both,Positive outweighs,4,0.3812401580970487,9.283319695957555,4
Both,Neutral,3,0.5309820710227028,8.704916388729682,2
Both,Positive outweighs,2,0.5633776880932099,11.488383942999874,2
Positive,,4,0.5413799097451498,9.637551653563794,5
No impact,,2,0.4814712341122292,8.701253923357148,4
Both,Neutral,4,0.4870179300266574,12.642608064546025,3
Both,Negative outweighs,4,0.5043811471979109,12.839206009027274,5
No impact,,4,0.48529979983715116,8.79915286852259,2
Negative,,2,0.596387911679491,6.266920097278767,4
Positive,,4,0.7210523001591351,12.015027379673844,5
Positive,,5,0.44425082149921663,8.630740348479993,4
Both,Don't know,2,0.3630197020420922,11.581251198325537,2
Both,Neutral,3,0.4911717951648745,6.059792364576329,5
Both,Don't know,2,0.7579709337654319,11.785194676598618,2
Positive,,5,0.4196325432030269,7.577656141438437,1
Both,Positive outweighs,4,0.6639116805444067,11.461528238133049,2
Negative,,2,0.667770081407644,10.028546135672869,4
Positive,,5,0.44464117582920054,8.09212116120671,3
Positive,,4,0.5568983079185276,9.18592737414644,2
Negative,,2,0.6628396623128539,11.372636913913402,3
No impact,,2,0.4620872259012513,10.211788906230469,1
Negative,,1,0.47964196398976383,11.168825960944968,5
Both,Neutral,3,0.4418319086051356,13.95288116903097,5
Both,Negative outweighs,3,0.3985243269307133,6.871516776577897,3
Negative,,2,0.4350722454933993,13.234425149937248,5
No impact,,4,0.3776059733237743,10.208711875046426,2
No impact,,2,0.5034083468259226,8.202431903353745,3
Positive,,4,0.42300267689413584,7.33937274852202,4
Both,Negative outweighs,2,0.5233785911790748,9.621759218445932,2
Positive,,4,0.3444104353796372,11.84330022384892,2
Positive,,4,0.5330880232214457,9.744901759244932,2
Positive,,5,0.5833528961608925,13.022309860494694,4
Both,Negative outweighs,3,0.3006264357428544,7.097648619896882,1
Both,Neutral,3,0.5374056569847572,9.975822104307891,5
Positive,,4,0.6227668992473292,7.495213111173761,3
Positive,,5,0.37903589813087946,10.727263765249935,1
No impact,,2,0.6672572386837703,11.7737747801946,3
Positive,,5,0.5419019009366045,9.158476412637894,5
Positive,,5,0.4294988144241591,4.7915722867457315,4
Both,Don't know,2,0.4944230922342294,10.39789629359299,2
No impact,,3,0.5558326912521723,10.87347710346702,2
Positive,,5,0.5076005391412411,10.808589509923396,4
Both,Neutral,3,0.5538755992446369,12.471564383644308,1
Both,Negative outweighs,4,0.40793264069206336,7.857892640701902,1
Positive,,4,0.5169360824036078,11.3604322109009,3
Both,Negative outweighs,2,0.35862855030950197,12.38501502495595,4
Negative,,2,0.48887739386512996,6.442824831986966,1
Both,Neutral,2,0.40960923585352105,10.639303651837954,4
Both,Positive outweighs,3,0.42644700574102334,8.991640337984657,5
Both,Positive outweighs,4,0.6236093175210438,9.836954653796708,2
Positive,,5,0.6091310120594269,10.695352967076673,2
Both,Positive outweighs,3,0.5609138120907177,9.025542871772895,2
Negative,,2,0.3907687235327421,8.648583841676777,4
Positive,,5,0.46835915503051984,10.068304834976049,4
Positive,,4,0.6213097699979183,7.825508122274394,3
Both,Positive outweighs,3,0.5141716913639904,7.828349742229629,2
Both,Positive outweighs,3,0.7319329539981694,11.358746565913007,3
Positive,,4,0.5393317839394371,7.702411929682688,2
Both,Positive outweighs,4,0.5192049116490032,11.332625001818425,3
Positive,,5,0.4690883535797499,10.925182585707903,3
Both,Positive outweighs,3,0.5133540904782282,6.548386542418807,5
Positive,,5,0.4847530163619456,8.64487069532869,3
Both,Positive outweighs,4,0.570810867668859,12.388218806094745,4
Negative,,1,0.5956702316794584,8.037668937720637,3
No impact,,3,0.421401053949205,9.071191475381225,2
Positive,,5,0.3668767046442222,10.924121786503793,3
Negative,,1,0.3163794626896703,11.566781018565191,1
Positive,,5,0.5507991326912544,9.496922227911009,2
No impact,,2,0.38966333938261266,8.804979610616718,1
Both,Don't know,4,0.28471094070475167,12.844739723397016,2
Positive,,4,0.5388578604530965,13.477799327595157,4
Both,Negative outweighs,4,0.749299951743279,11.95771610156359,4
Both,Negative outweighs,2,0.4993929088460107,10.170636285130048,4
Both,Neutral,4,0.5838490774451642,8.383468556718148,1
Both,Positive outweighs,4,0.5081829358547565,8.33911118688687,5
Positive,,4,0.49011103468088574,11.045028210531514,2
Positive,,5,0.5919076482987768,10.836796441777368,4
No impact,,4,0.4709725455811349,12.80319718589286,2
No impact,,3,0.5267392314071903,11.300900185072278,1
Both,Don't know,4,0.5321697806196014,6.9938393964803645,5
Negative,,1,0.4331909546356951,12.103895235445837,1
Negative,,2,0.5992042349536523,8.003878745371175,2
Both,Neutral,3,0.48250402433045914,9.232057456095298,5
No impact,,3,0.4244254840507155,10.500400412503389,5
No impact,,2,0.5536509843570403,13.99133497956793,1
Both,Positive outweighs,4,0.41015320182089626,16.219837112010723,4
Both,Negative outweighs,2,0.5028181157369128,11.213446118272365,2
Positive,,4,0.49908810033557965,9.633606762559225,3
Positive,,4,0.6085895565831578,11.0690112969611,3
No impact,,2,0.5474698232879953,11.775310851747673,1
Both,Neutral,4,0.4974973041254856,9.358664748885616,2
Positive,,4,0.5817766299200287,13.590422711824644,2
Positive,,4,0.6390207549017314,10.460141518382803,1
Both,Don't know,4,0.5557810306351862,10.995486178182789,2
Positive,,5,0.501035261984338,11.331848504108923,4
Positive,,4,0.368816376764984,10.843173221228911,1
Both,Negative outweighs,2,0.39348863369246273,11.677881000939225,4
Both,Negative outweighs,3,0.46947752956453326,8.765493626906153,2
Both,Positive outweighs,2,0.4390487797840717,8.88339649210794,1
Positive,,5,0.4813028697014554,7.79969153405661,2
Both,Don't know,2,0.5056649924897108,10.879002461240454,1
Positive,,4,0.5529692754356731,11.557873007024227,2
Negative,,2,0.4929501221940909,10.915545732303771,4
Both,Positive outweighs,3,0.5486501643826202,13.348984866695075,4
Both,Don't know,4,0.5064474414810121,9.988807962341907,2
Both,Neutral,2,0.3024533433646128,11.337483311185025,1
Both,Negative outweighs,2,0.40606646061812457,7.816598247721371,3
Both,Negative outweighs,4,0.48559124442783846,9.225800595051197,4
Positive,,4,0.37903052571588924,11.391075515131554,4
Negative,,2,0.5599928729996204,11.698204221486288,3
Positive,,4,0.6530750832343697,9.412066104671636,2
Positive,,5,0.6218761851697316,9.856801496283866,1
No impact,,3,0.47865571290697917,6.964252506638381,2
Negative,,1,0.6490726136849952,9.285941598386781,5
No impact,,3,0.5148667457202112,11.780766327039572,4
Both,Positive outweighs,3,0.46629140288819604,11.150410032213133,5
Both,Positive outweighs,2,0.43865973364590605,11.00133144276242,4
Both,Positive outweighs,4,0.4697530313511872,10.09954737436192,4
Both,Positive outweighs,2,0.4611823181458771,10.014126317256354,5
Both,Neutral,3,0.5170416222375488,8.679357721053107,5
Positive,,4,0.5160573981049864,11.39765684040507,2
Both,Positive outweighs,2,0.5003046020153414,10.84194588877878,5
Positive,,4,0.543693816974635,10.984037695985599,2
Positive,,4,0.6190646274786341,8.94793031466484,2
Both,Positive outweighs,2,0.5949554135441324,5.693314160257511,2
Positive,,4,0.35151020315500964,12.19430542350739,4
No impact,,3,0.24460788650980453,9.042325087983192,4
No impact,,3,0.5934319911239274,8.27444847191376,5
No impact,,3,0.36331213015845787,11.386957823827988,4
Negative,,2,0.47752345981073163,9.215974720161741,5
Positive,,4,0.38298869739406405,12.119872768093243,4
No impact,,4,0.31980195624199803,11.234011899153394,1
Both,Don't know,2,0.5541462728204788,11.367138646400955,1
No impact,,3,0.5759155160302647,7.268088577598931,5
No impact,,2,0.44234895992732803,12.423887970772801,4
Both,Neutral,4,0.240895770785509,10.522501062467713,4
Positive,,4,0.4453755551747517,9.261445721507593,2
Negative,,2,0.5391804005402546,10.286776934684502,3
Both,Neutral,3,0.3521088431225871,6.44752953420336,5
Negative,,1,0.5183359919779156,10.817305622961342,3
Positive,,5,0.4984690150827004,7.941256983635856,3
Both,Don't know,3,0.5579291499601089,7.294659428312931,5
No impact,,3,0.5119580368414153,6.955281627564218,4
Both,Positive outweighs,3,0.40269310591184443,12.225376749979851,5
Both,Negative outweighs,3,0.6196571501664492,8.741473212614423,3
Positive,,5,0.484147042697303,13.067455419833,4
Both,Neutral,4,0.4972695460490068,8.928397073895404,1
Don't know,,3,0.4066732040926804,6.5852840848141065,5
Positive,,5,0.455671774880849,7.766951120102682,5
Both,Neutral,4,0.4115197285973099,12.471623240013876,4
Both,Positive outweighs,4,0.4827053940076577,9.688203644126665,1
Both,Neutral,4,0.6711708480142343,8.903425407018798,1
Both,Positive outweighs,3,0.36280988570686434,10.320036451705576,4
Both,Positive outweighs,2,0.33864386021232584,11.00356547233509,2
Negative,,1,0.6471170327493608,12.234797631804922,5
Positive,,4,0.4790676322848134,12.896998459785852,5
Both,Negative outweighs,2,0.43309272613400834,9.280462708421828,3
Both,Negative outweighs,3,0.6039904687396076,7.3479046278359235,4
Both,Negative outweighs,2,0.4394384460263136,9.173069677753448,3
No impact,,4,0.6826009713546937,10.520561013165771,3
Both,Positive outweighs,4,0.5677925871339269,8.072482147578778,1
Both,Neutral,2,0.45120885918542974,8.085698170209914,5
Both,Positive outweighs,4,0.7157308213265503,10.68757576309977,3
Both,Positive outweighs,3,0.4394285076996661,9.902695296859097,1
Both,Neutral,2,0.5742095372009307,10.065593990823173,4
Both,Don't know,2,0.5299292580406492,8.483009330599861,3
No impact,,3,0.6301741289398798,9.539198571588466,5
Negative,,1,0.6561511196726852,8.151533711463392,3
Negative,,2,0.5032004149065766,11.780396822249573,4
Positive,,5,0.42465821296538164,12.070498669447506,3
Both,Neutral,4,0.5459972142939117,6.307624275523812,5
Positive,,5,0.4322284630247894,8.14097827961518,1
Both,Neutral,4,0.7013387247526623,7.006941489819842,5
Both,Neutral,4,0.5136535331082738,8.699952131186203,1
Positive,,5,0.4634678448687891,9.833124060419278,2
Both,Negative outweighs,4,0.5184680305864908,7.10070956060294,5
Positive,,5,0.36528737104703035,8.156280373749373,5
Positive,,5,0.40283859614893486,7.992085255837003,4
Both,Positive outweighs,2,0.6200413907944425,10.414534658797887,3
Negative,,2,0.4343105721028604,10.138688674072501,1
Positive,,5,0.39530890173180605,8.556524893325493,1
Both,Negative outweighs,3,0.5536652752527286,10.353641744278796,4
Both,Positive outweighs,4,0.6185704154662997,8.906639830825469,4
Positive,,4,0.5718953310665067,9.456689779347894,3
Both,Positive outweighs,2,0.5996047685805816,13.346904180597074,3
Positive,,4,0.4243204911430539,12.680922103580695,5
Positive,,4,0.3578189333258156,7.400837526144805,2
Both,Neutral,2,0.6501333651955487,11.65946483575835,3
Both,Negative outweighs,3,0.4677320161157864,11.622793108983185,4
Both,Positive outweighs,2,0.47491669835449524,7.703473422494763,3
Both,Positive outweighs,2,0.6328194141849058,11.637555287509722,1
No impact,,4,0.555623000940066,13.075863836825105,2
Both,Neutral,4,0.5455887772081608,7.754910387511172,5
Negative,,1,0.7165002344901084,8.164994357971473,1
Both,Positive outweighs,3,0.4356481769619857,12.035322933687006,1
Positive,,4,0.5927840128081238,10.542990621651295,2
Both,Neutral,2,0.5057013124897084,11.102952550479046,5
Positive,,5,0.5268592278863257,10.681178432800994,4
Positive,,4,0.6528468426412531,10.781391841856289,5
No impact,,2,0.5507835756289624,7.347055743377834,3
Both,Negative outweighs,4,0.5538296079049633,12.094635413242896,1
Both,Negative outweighs,3,0.6072507337309803,12.339179984855548,3
Negative,,1,0.46350472704571144,9.541218511863944,4
Positive,,5,0.41607903326609935,9.913046100372275,3
Positive,,5,0.39551908059789664,6.937784994888556,5
Positive,,5,0.30336434106239984,11.02850951203567,3
Both,Negative outweighs,2,0.7056207129940322,11.144114883428289,4
Both,Neutral,4,0.3896791634278317,9.875617966001379,4
Both,Positive outweighs,3,0.4778746376414228,12.248706719741005,4
Positive,,5,0.47231867001110794,9.331845538040119,5
No impact,,4,0.5307406697809101,11.1292118517872,4
Both,Neutral,3,0.5815737212539297,7.960671322615768,1
Both,Negative outweighs,2,0.5860473488359745,9.952895698251524,4
Both,Positive outweighs,4,0.44169225614310614,9.651291484194328,3
Negative,,1,0.48328782862135883,10.450615844081883,3
Positive,,5,0.52825799504883,9.260946142333284,3
Negative,,1,0.4751308873816453,9.737054808656664,5
Both,Neutral,3,0.6607345576019993,11.652094342883013,3
Positive,,4,0.5490974951638251,9.126471525523565,5
Positive,,5,0.5734877786049818,6.786845798522641,5
Positive,,4,0.5662881268667412,13.499167808410842,4
Positive,,4,0.6173473857485325,12.762908157380974,1
Both,Neutral,4,0.5181021558703707,7.415474609788763,4
Both,Neutral,3,0.37031680520441534,11.379415610490389,4
Both,Neutral,2,0.5399687951752642,8.994050458897314,5
Positive,,5,0.4348643106208171,10.526974430662118,5
Both,Neutral,3,0.4471383318250243,10.588448258026988,3
Both,Neutral,3,0.5586364018755093,9.531184399367357,3
Positive,,4,0.6238283071433636,8.432468668827207,4
Both,Neutral,2,0.5021271576736062,8.618917895367481,2
Negative,,1,0.5308833012598964,8.167616169037515,2
Both,Neutral,4,0.6702214944635239,8.33635558353911,3
Both,Neutral,3,0.5240753179488569,9.86564341990129,2
Positive,,4,0.7601683114180395,8.568480021778496,3
Negative,,1,0.5565509645631544,11.36410413142524,5
Both,Negative outweighs,2,0.3239237240844182,12.974492310671854,4
Both,Neutral,3,0.5753341621104533,8.839893517259913,1
Both,Positive outweighs,4,0.5381158384882778,10.478809001070754,4
Both,Neutral,2,0.6289752754082746,10.999370220605869,3
Positive,,5,0.5673181351269958,10.944004541838549,3
Positive,,5,0.4861544016016226,10.151910535832174,4
Both,Neutral,2,0.37757017637106344,11.485364836719445,3
Positive,,4,0.4790976742713975,10.964497905361315,2
Both,Positive outweighs,3,0.41494795457906997,7.524675155345404,2
No impact,,4,0.4419476550195277,11.738312128778546,3
Both,Neutral,3,0.558857840442061,11.774581674533485,3
Negative,,1,0.6669904504351406,8.473427791642838,2
Both,Positive outweighs,2,0.5394671529822981,10.075875670895204,3
Both,Positive outweighs,2,0.38041169379648154,11.366657985622139,3
Both,Neutral,4,0.5444602668220141,9.581372360841277,4
No impact,,4,0.6196631486645652,12.145956095532023,1
Negative,,2,0.43902170956806175,14.727744989238722,2
No impact,,4,0.4865982833327082,8.428027934730036,4
No impact,,4,0.5014688194729197,7.23791079369245,1
Positive,,5,0.421510168691776,10.60763719120975,3
Positive,,5,0.5648280433843859,11.443125010252286,3
Positive,,5,0.4879051851392218,9.538267252310462,4
Positive,,4,0.5419532443907028,12.906521326642068,3
Positive,,4,0.41125078221979,7.322788400553502,5
Both,Positive outweighs,2,0.45625416996765894,11.385837246063222,4
Positive,,4,0.5722381357827772,8.788278358482213,1
Negative,,1,0.4627166847908233,13.438755812414593,4
Both,Neutral,4,0.6726963851233405,13.985030706336236,2
Positive,,4,0.46003638143853975,8.466686824433305,4
Both,Neutral,4,0.5224684725751886,8.900885728182839,3
Positive,,5,0.593259083187309,11.719175773959604,3
Positive,,4,0.3581634267066968,9.22573870042097,5
Both,Negative outweighs,3,0.32391911880192237,9.909177564135524,5
Both,Positive outweighs,4,0.3474343685429905,10.05077684108482,5
Both,Positive outweighs,2,0.6262584103427182,6.160653687604688,1
Both,Negative outweighs,4,0.44481418541075535,9.972324507811525,5
Both,Don't know,3,0.7558199285668252,8.620544451871652,1
Positive,,4,0.44357524013426114,9.013754355200456,5
Positive,,5,0.5184551303197037,12.887264006937627,1
Both,Neutral,4,0.6542109952567876,7.486986211441487,4
Both,Positive outweighs,4,0.7006092888159123,11.626410373495954,4
Don't know,,4,0.7061503576636398,9.442074139336382,3
Negative,,2,0.6208366230593143,9.44047966300833,1
Negative,,2,0.6024062525811462,11.580743792103423,2
Both,Neutral,3,0.5592526949201183,10.68010258913778,3
Negative,,2,0.5778361076166638,11.141225994439061,4
No impact,,4,0.44488142836714667,11.936369321065722,1
Both,Negative outweighs,4,0.41818011165776925,9.337383233633355,5
Both,Neutral,3,0.49966255425890477,8.7755265309845,2
Both,Positive outweighs,4,0.4829815377475072,7.829698946884404,4
Both,Neutral,2,0.4546771950672725,8.34917894004209,3
Positive,,4,0.5696387447456716,15.898188850617451,1
No impact,,3,0.595530520857051,12.489359161473573,2
Both,Negative outweighs,2,0.5088406886291847,7.297851267583957,1
Both,Don't know,2,0.6477530081055262,7.35508408651286,5
Negative,,2,0.3858310885866495,10.963732123436984,3
No impact,,2,0.4806340540720282,11.094529594755933,1
Negative,,2,0.4283177679397195,11.09776767063473,4
Positive,,4,0.313346338292694,9.490088412892604,3
No impact,,3,0.4917319314157301,9.749091479994199,4
Positive,,4,0.48782524916167164,10.655759048318714,1
Negative,,2,0.6513449743242131,10.171786012586661,3
No impact,,3,0.5630811684554777,5.56139925450493,4
No impact,,2,0.3975813175670795,9.540400738849613,5
Both,Positive outweighs,3,0.6854092566334189,8.297187131479372,5
Both,Neutral,3,0.6221033695525353,10.350422837817025,1
Both,Don't know,2,0.5582097703468616,15.97051800520682,3
Positive,,4,0.4773515901150168,10.73496333094861,2
Negative,,1,0.404056076327652,9.372940627655204,3
Both,Positive outweighs,2,0.4627793223928947,11.843603003954504,5
Both,Don't know,2,0.6088748619704186,10.965375774418426,4
Both,Neutral,4,0.6884586305934609,10.840188980903683,2
Both,Positive outweighs,2,0.6543243528272189,11.213701186431342,1
Positive,,5,0.45111505782137257,14.113087129659082,2
Both,Positive outweighs,4,0.38803825667109887,7.738223129348169,1
Positive,,4,0.5140886246911204,10.947264153622909,2
Both,Neutral,2,0.32315606344371484,8.147237740036923,1
Both,Positive outweighs,4,0.5323167714184781,11.111025292684497,1
No impact,,4,0.48523974137013315,8.162626977027811,2
Negative,,1,0.4533963498131758,9.165266372789832,2
Positive,,4,0.34052969327332044,9.409820171524187,1
Positive,,5,0.5513600106569716,11.951633438689418,5
Both,Negative outweighs,3,0.44672991603380885,11.836908887884828,2
Both,Positive outweighs,4,0.3830083164289712,7.5085652471072315,3
Positive,,5,0.21277377867183506,10.109868221999697,4
Positive,,5,0.4972485094949364,8.580840290501655,1
Both,Negative outweighs,4,0.6772251596669744,7.482990178649331,1
Positive,,4,0.666125921454787,9.565965899151259,4
Both,Positive outweighs,4,0.4542903743413728,9.383034423088361,5
Both,Neutral,2,0.4397787939638219,14.853432972691046,4
Positive,,5,0.5468774256075024,10.865919650721393,2
Positive,,5,0.4001614560811708,7.244764998491526,4
No impact,,3,0.5301791899819466,8.870451991658115,1
Negative,,2,0.5766080278384691,12.042766590858797,4
Negative,,2,0.6226933223884308,14.17688554573985,3
Both,Don't know,3,0.4899845923520047,6.828033375524083,2
No impact,,2,0.4796326249823034,6.24015122972191,4
No impact,,2,0.4122017413243439,13.741930350743564,1
Both,Don't know,3,0.417311964596014,10.779228354741807,2
Negative,,1,0.4773521108098473,8.263414536247268,1
Positive,,5,0.5367365506816179,11.06925817224487,5
Both,Neutral,3,0.5913584626233249,4.7285045219662445,3
Both,Positive outweighs,3,0.4196821049319655,10.006751013194322,5
Both,Neutral,4,0.6492688568959522,10.65564234568617,3
No impact,,2,0.4728876398957431,11.84854027907566,4
Positive,,4,0.4978632705651564,7.972208095414924,2
Both,Positive outweighs,4,0.42527883208521766,10.171374322806718,4
Positive,,4,0.2575759739727058,8.149150747880824,3
Both,Positive outweighs,2,0.588404539636105,10.510767511348634,3
Positive,,5,0.5736843897092433,8.209307355273952,3
Positive,,5,0.47186724428817867,9.183798321679559,1
Positive,,4,0.5066990717224872,8.008369210419541,2
Both,Positive outweighs,2,0.55159392177041,11.302272483647315,4
Both,Negative outweighs,4,0.34374541431134575,11.71690223331333,4
Both,Neutral,2,0.4470947322653705,9.530758860085172,5
No impact,,3,0.5794264679621828,10.076475989920057,3
Negative,,2,0.3745710576830751,7.102817170732912,3
Positive,,5,0.5293557932166629,9.400646703986427,3
Both,Neutral,3,0.3643418195376595,9.89959076591651,4
Positive,,5,0.5466429982433526,15.241586182059951,5
No impact,,3,0.4964358517702516,7.776065948451673,1
Positive,,5,0.33848681840944905,12.928354477504875,2
No impact,,3,0.6164739354457172,11.993717546931617,1
Positive,,4,0.42654084232019507,10.561272808980274,4
No impact,,4,0.4189747562985619,13.517240968390267,3
Both,Negative outweighs,4,0.5200569197230943,10.744210945213727,2
Don't know,,3,0.6148637349428715,10.778318391335857,4
Positive,,5,0.3984178181021603,9.893758693964909,4
Both,Positive outweighs,2,0.5061679849847972,12.447137764837255,4
No impact,,4,0.5428816500330573,12.192938467621767,2
Both,Don't know,2,0.5693105607263144,8.748645425007576,2
Both,Negative outweighs,3,0.5176441555277225,7.361505610802466,5
Both,Negative outweighs,4,0.46329721609166774,9.594038725208685,5
Both,Positive outweighs,2,0.41724097793512804,8.399922871204707,1
Both,Neutral,2,0.5086143883046375,9.87295085076929,2
Both,Neutral,2,0.39278609880143933,12.474876269368279,2
No impact,,2,0.20786495165053925,9.08539668982642,2
Positive,,4,0.5436559804157668,9.91435323737685,5
Positive,,4,0.5903934841086196,10.11604546961679,4
No impact,,2,0.26370675644581615,11.696861764410569,3
No impact,,4,0.39902692952900626,5.50622133203079,5
Both,Positive outweighs,2,0.5619154261005198,8.786599410469407,2
Both,Positive outweighs,3,0.7057495469711699,10.422567384558945,5
Positive,,5,0.5020793707675408,12.400157912853722,1
Positive,,5,0.42719970587708656,9.01619510498759,2
Both,Neutral,3,0.481710355889516,6.246894587916252,1
Negative,,1,0.6374876419148185,11.239422891932273,2
Both,Neutral,2,0.4354035820875465,8.729275222348742,5
Positive,,5,0.42008079933497466,7.620666681819277,4
No impact,,2,0.45172564778179675,8.751309220573551,3
No impact,,3,0.4046671391741288,9.6309492846883,1
Both,Positive outweighs,4,0.5122670315994795,8.790510670923574,5
Both,Don't know,3,0.6624678458469561,5.588867885801862,4
Positive,,5,0.5323079273116029,11.794132393774264,5
Both,Positive outweighs,2,0.47476464978737126,12.549750082557445,1
Both,Negative outweighs,4,0.4708188731084456,11.30304398267901,3
Positive,,5,0.3436809191303343,7.724628659150367,5
No impact,,2,0.588310977714716,9.597016932104964,2
Both,Don't know,2,0.4922162802987198,9.986957369541084,4
No impact,,2,0.48195200864093746,11.197588779123821,5
Both,Negative outweighs,3,0.8193107567844862,11.336680977436162,4
Both,Neutral,2,0.5298752908365686,8.531652402443008,2
Negative,,2,0.4248208949904816,10.163991112827121,3
No impact,,4,0.4573642403794457,10.914560809230482,3
Both,Negative outweighs,3,0.6148445709196755,12.911644644293533,2
Positive,,5,0.5113270410537765,11.409013079649446,4
Positive,,4,0.3561722021682633,11.578113374751037,5
Negative,,1,0.5919228934575204,10.167653255858722,2
Both,Positive outweighs,2,0.4331855914461006,12.820918290407008,1
No impact,,3,0.6873297776217546,10.819525591918994,4
Positive,,5,0.6080048065714648,8.277824179652859,3
Both,Don't know,2,0.4552678104341249,12.806739940250381,2
Negative,,1,0.6281016361735113,11.395806545078056,3
No impact,,4,0.5067855510527404,9.113911957743035,4
Both,Negative outweighs,3,0.5852773675122219,9.041014065201514,3
Both,Neutral,2,0.5484732817294475,10.593151090281523,2
Both,Positive outweighs,2,0.41536433450091265,10.92636959053517,4
Negative,,2,0.4356450167682538,10.394584531262414,1
Positive,,5,0.6029960817581161,10.62261734688577,2
Positive,,4,0.4665224667893459,13.39991474915276,5
Both,Positive outweighs,4,0.4596351536758003,12.143086304469772,2
Both,Positive outweighs,4,0.4044877420650647,10.381271182530048,4
Don't know,,3,0.5423599065593461,11.882621161534967,2
Don't know,,3,0.7062524919243145,7.934952192944921,1
Both,Neutral,4,0.3932467085745727,10.795854099893617,1
Both,Positive outweighs,2,0.5024219456672758,13.61861269946622,5
No impact,,2,0.6412220555415429,9.563908209215253,3
Both,Neutral,3,0.4920358608754285,8.30473214276183,4
Positive,,4,0.5452371796249734,8.695822222813879,4
Both,Negative outweighs,2,0.393760647185312,7.820733925315223,3
Positive,,4,0.5428307097207649,8.430476183744593,1
No impact,,3,0.48128557349954515,9.258983802819943,1
Both,Don't know,4,0.5985729995679863,7.1888659616427155,2
Positive,,4,0.6187386051564752,10.031236667899206,5
Both,Positive outweighs,3,0.7589563642018614,11.804554347573294,5
Both,Neutral,2,0.5579633173213576,8.184487639706159,5
Negative,,2,0.5325796316582166,13.038567847283538,2
Positive,,5,0.5194384301577336,11.021584177055189,5
Both,Neutral,3,0.4646833707189312,12.061161171248115,3
Both,Neutral,4,0.5338483843461691,8.684330892295726,2
Both,Neutral,3,0.47045985898609705,11.709050454133232,3
Both,Neutral,4,0.5168460976269614,7.816132199209374,2
Both,Negative outweighs,2,0.631759753560796,11.780495001673017,5
Both,Positive outweighs,4,0.3993457434720359,10.343678679587063,3
Both,Positive outweighs,2,0.6139878561129045,11.106502439969567,3
Both,Neutral,2,0.6317115067339866,7.648810788750296,3
Negative,,2,0.48819314730089214,8.209860315446791,2
Positive,,4,0.2878145100991405,11.19445643650677,4
Positive,,5,0.43921780129055676,8.103303991551599,5
Both,Negative outweighs,4,0.629699454656111,10.926412584198246,3
Both,Neutral,4,0.4977131937701118,7.2657243870795085,4
Both,Negative outweighs,2,0.4000697767705089,11.696348425333337,5
Positive,,4,0.44952250787717823,7.534953370462982,5
Positive,,4,0.5840620026504553,11.104599875359046,3
Positive,,5,0.554673356820138,11.251261867292001,3
Negative,,2,0.4761067900830306,8.60645636314085,2
Both,Positive outweighs,3,0.46331755881853126,11.164053134169453,4
Negative,,1,0.4608241850956178,10.520884526667112,4
Both,Positive outweighs,3,0.4077589815501497,8.922316287614523,3
No impact,,4,0.6615375689469442,7.982890631847583,5
Negative,,1,0.467767953078866,6.074748616654842,3
Both,Neutral,4,0.6217158520825496,10.699300094599387,5
Both,Negative outweighs,4,0.6521316051922451,6.870394457275889,5
Negative,,2,0.599831089814796,10.190688398882616,3
Both,Positive outweighs,2,0.45683796872819515,9.473103567835501,1
Both,Negative outweighs,3,0.5403730090336609,11.35828555087639,4
No impact,,2,0.4975804393609084,9.395909001020271,5
Positive,,5,0.40962981392698716,9.341104427305817,5
No impact,,3,0.5324359281721603,11.463741408576592,1
Both,Positive outweighs,2,0.3820960208840197,10.670116058168235,2
Positive,,5,0.6187679388461564,10.632311914365557,1
Both,Negative outweighs,3,0.4535382702701607,10.938535179617052,1
No impact,,4,0.5201159655872839,6.928855753585788,5
Both,Positive outweighs,2,0.5283287871546142,11.513577359973963,4
Negative,,1,0.4741095026295923,11.224937588027204,1
Both,Neutral,3,0.5586693801475274,7.966633742847005,2
Positive,,4,0.45250963433774755,9.511839052651597,3
Positive,,5,0.5871297297457244,9.921385424744738,1
Positive,,4,0.36540203197532517,9.731006431196535,1
Positive,,4,0.5126379579546412,10.66771993313707,2
Positive,,4,0.6938928999058285,12.862733563662367,4
Positive,,5,0.39996686753944255,12.163533455345657,1
Both,Positive outweighs,3,0.43222550294751483,7.3755616131371875,1
Positive,,5,0.5513907849658914,11.244139980612097,4
Negative,,1,0.5179581781939598,12.65786663907082,2
No impact,,4,0.5350630099273559,10.773617041378404,1
Both,Negative outweighs,3,0.5489187130147664,12.181960850371933,4
Both,Positive outweighs,2,0.563472146856177,14.02454089140153,1
Positive,,4,0.6109699841956223,12.047419092213962,3
Positive,,5,0.5409818656928512,10.498617191283458,5
Positive,,4,0.47587423453814576,12.090176948169507,3
Positive,,5,0.5672573701202731,10.289775666193782,1
Positive,,5,0.6899881934895216,10.047806086569912,2
Positive,,4,0.48673662536174267,9.297171528572536,5
Positive,,4,0.40254706953293584,13.126826717664215,3
Positive,,5,0.6107080669286973,8.363142668115998,4
Both,Positive outweighs,4,0.48796188360464016,13.064735449356231,2
Positive,,4,0.28273304539859634,10.999728247480743,3
Negative,,1,0.5847421677150422,7.201387650396117,4
Both,Negative outweighs,4,0.4464671814046077,10.735298585982843,1
Both,Negative outweighs,4,0.4909466717695839,5.799946984696752,4
Positive,,5,0.5331980330569015,11.251016033662072,3
Both,Negative outweighs,2,0.5190499679779066,11.770462965977982,3
Both,Positive outweighs,4,0.570945181713904,8.815288088695892,1
Positive,,4,0.4564513629430157,10.247095391911165,4
Both,Neutral,3,0.5513105798176082,13.908314867500572,4
No impact,,4,0.4740453322416083,8.988506591476126,1
Positive,,4,0.5738810480887503,7.8821848258867995,4
Positive,,5,0.5615367484013053,12.963326804925197,1
Both,Neutral,4,0.40645612979554047,13.92517438106159,2
Both,Neutral,3,0.6085982116175033,10.007391343695694,3
Positive,,5,0.4464036554885952,12.022926070816712,2
Positive,,5,0.5808057798281145,12.682951831061763,5
Negative,,2,0.5367287313401341,8.515031534923232,5
Both,Positive outweighs,4,0.6838183676795122,9.029388329264263,5
Both,Negative outweighs,3,0.4776534017628148,12.46174902630947,1
Negative,,1,0.46506832038818025,13.370028557417019,4
Both,Positive outweighs,4,0.4980580394112267,11.12576172034871,2
Both,Positive outweighs,3,0.4696820217165725,8.240371292995892,2
Positive,,5,0.579994190194205,13.974122223398883,2
Positive,,5,0.3383689391563412,8.938058204376071,2
Both,Don't know,4,0.3946317580853646,9.329724437657097,5
No impact,,2,0.3932197078420807,10.684675668979242,2
Both,Positive outweighs,3,0.5950307591973576,13.10832084142955,4
Both,Negative outweighs,4,0.6710613372581925,11.707951953104448,5
Positive,,5,0.4895550781462529,10.829731000723822,2
Both,Negative outweighs,3,0.4831178276809989,10.926577060236212,1
Both,Neutral,3,0.5070052163113181,10.087029337286932,3
Positive,,5,0.616187830260819,11.116279029037013,3
Positive,,5,0.4072646865809426,4.940879844611394,3
Negative,,1,0.5238368982734785,9.406785081860404,5
Positive,,4,0.5975197629782429,10.482643869833563,2
Negative,,2,0.5501094169939845,7.697971832760986,5
Positive,,4,0.5189581616598743,10.77264663562312,4
Negative,,2,0.6001046092567142,9.591057558027757,1
Positive,,5,0.22967677070007625,13.510951396630979,1
No impact,,2,0.5677875319530907,13.146039450429713,3
Both,Negative outweighs,4,0.4345924316872576,9.068388861763674,3
Both,Positive outweighs,3,0.31693671031435433,9.698324576866609,3
Both,Positive outweighs,4,0.551120259952498,9.852104868783215,2
Both,Negative outweighs,4,0.6373658545162958,9.096681047680754,4
Positive,,4,0.48625514853723084,10.390049968056253,4
Both,Positive outweighs,2,0.5952874547202939,8.48343586222482,4
Both,Positive outweighs,3,0.6612278257988645,7.738769330124947,4
Both,Positive outweighs,4,0.6314914453584047,11.245422447800538,3
Both,Positive outweighs,4,0.6639964529371393,11.259059168443622,1
Positive,,5,0.5742127491071892,8.391368480680015,3
Positive,,5,0.5075433638901593,11.790710861525199,4
Negative,,2,0.33980341881028314,8.736844541669337,3
Both,Negative outweighs,3,0.47539375118700516,10.506330476075963,4
Both,Positive outweighs,4,0.41567534046838084,11.640688025224913,5
Negative,,1,0.7170942717497814,9.932774870592574,1
No impact,,2,0.48241141875676635,10.909481824282269,5
Both,Negative outweighs,3,0.5123204806784486,8.967140712224857,2
Positive,,5,0.5551485376040468,9.607066833143806,3
Positive,,5,0.5043602446372454,9.588281138239319,2
Positive,,5,0.6695051040430753,8.506843306919523,3
Positive,,4,0.4377350638265548,9.646451673768436,5
Positive,,4,0.5194607455237242,6.902763402272507,4
Positive,,5,0.42575294143019515,9.017692505715791,4
Positive,,5,0.3679977488779294,9.430249013260658,3
Positive,,5,0.43882309090947147,9.48764049500924,4
No impact,,2,0.4962963202951588,9.517005108258441,5
Positive,,5,0.457069777548274,9.876471600279743,4
Both,Neutral,2,0.4307579020126144,10.958883036172129,5
Negative,,1,0.3593682536328166,11.749034148265045,2
No impact,,4,0.4916894427371305,8.700469546303466,5
Positive,,5,0.3495279625968998,7.5935982892217115,1
Negative,,1,0.5760055963689603,7.915911175513794,1
No impact,,3,0.5082439752934503,9.025594157610145,1
Both,Neutral,3,0.3542448500535069,9.296157364366982,3
Both,Positive outweighs,3,0.46907909229501366,8.460007867605086,3
Positive,,4,0.4247843594409417,7.407766671500211,3
Positive,,5,0.531917451041918,9.087758345051624,5
Both,Positive outweighs,3,0.6340450446023145,10.362853240227942,3
No impact,,3,0.3124827530354255,11.19005893167113,2
Both,Positive outweighs,4,0.5115026079147417,8.885153893783357,1
Both,Neutral,4,0.48398672044333596,9.174004355713132,5
Positive,,5,0.5671340076450466,8.14660338230538,1
Both,Neutral,2,0.521319662823769,9.937121659250447,3
Positive,,5,0.42480306682611807,8.30314273161837,5
Negative,,2,0.46809460643333817,11.1462556264824,4
Both,Positive outweighs,3,0.4203974143196511,6.428267016131778,2
Both,Don't know,3,0.6076007138598598,9.280740655095075,3
Positive,,5,0.5021311648671942,10.602214678383485,3
Positive,,4,0.6901190685753007,10.367669032645008,2
Both,Positive outweighs,3,0.4939339186185379,15.386067327960994,2
Positive,,5,0.42915932330895373,10.699600049135816,4
Both,Negative outweighs,3,0.3486285607387173,7.991890806315979,3
Positive,,5,0.3196860323744055,9.809071505821853,3
Both,Neutral,3,0.341586405699451,6.4475073330670964,1
Both,Neutral,2,0.5267126651011483,9.838800501406478,5
Positive,,5,0.5508725023229933,8.333887885998482,5
Negative,,1,0.34188092979678664,11.830780551120323,1
Positive,,4,0.5895038314076115,8.90091945080893,5
Positive,,4,0.45169389483165606,9.766468168409506,2
No impact,,4,0.514679301198555,8.728884317191193,5
Negative,,2,0.6612220628255424,13.477702703706662,5
Both,Neutral,3,0.5896839315865532,9.357514467764176,1
Positive,,5,0.47314693520941675,13.665114086958404,4
Both,Neutral,3,0.41088077745847124,11.628303524236532,5
Both,Positive outweighs,2,0.2848184598670695,10.964133454670772,5
Both,Neutral,4,0.42808466807575796,10.73746629463504,4
Both,Positive outweighs,4,0.4788869761172306,10.787594596432504,1
Negative,,2,0.4012820472848816,6.14465484130878,4
Negative,,1,0.48687430329076953,9.442233211698486,1
No impact,,3,0.5076851882958768,11.690315942368644,2
Both,Neutral,4,0.47751440181919214,9.90220563305179,1
No impact,,3,0.434999741917654,7.18962030639285,2
Positive,,4,0.5168654671966728,9.89519109884506,2
Both,Negative outweighs,4,0.5441940649569409,13.408211032510982,1
No impact,,2,0.3909600922557154,12.493783431069438,3
Positive,,4,0.641093237974627,9.875991981267937,1
Positive,,4,0.4901411867715738,11.902898554116174,5
Both,Neutral,3,0.5018849622944848,9.266985959263897,5
Both,Negative outweighs,3,0.5708214423256557,6.592256826346562,3
Both,Neutral,3,0.5233216131263502,8.15106802374089,2
Positive,,4,0.5953136633913245,13.125777537016395,3
Both,Negative outweighs,3,0.5287124165201824,9.452013836341392,5
Positive,,5,0.43875626253595623,9.513232041249964,3
Positive,,4,0.5361503525206102,9.40032360745024,1
Positive,,5,0.38562737926793383,13.808273179146013,3
Both,Neutral,2,0.5108559705776523,13.251917830724127,2
Both,Positive outweighs,2,0.49667700093555395,14.437560466896269,1
Both,Positive outweighs,2,0.47918831427274605,9.681909579199898,4
Negative,,1,0.4871462488561069,10.59124897749419,5
Both,Positive outweighs,3,0.3118150954502361,6.966714901158418,5
Negative,,1,0.44512750922590383,12.95386885223655,3
Both,Positive outweighs,4,0.5092844901141115,7.6644408974641305,1
Both,Neutral,4,0.51598563919974,10.433551127525257,4
Negative,,1,0.3972324859074042,7.805394944734312,1
Both,Positive outweighs,2,0.62657078408647,8.822266346522607,5
Positive,,4,0.4133825151785499,8.3254751379006,1
Both,Don't know,3,0.5969457200526737,8.784249478648364,4
Both,Positive outweighs,4,0.5427194361871684,8.921754593702042,3
Positive,,4,0.4353772690156197,8.903462410149846,2
No impact,,4,0.6775310892609512,11.666667823560614,1
Negative,,1,0.380636316824352,7.790274413874959,2
Both,Positive outweighs,4,0.5919154173610002,10.441082854027734,5
No impact,,4,0.6000582318042978,12.435918304611118,3
Both,Neutral,3,0.4329379790923355,8.973607270973208,3
Positive,,4,0.639246530006433,8.564162218504796,1
No impact,,3,0.4749953485401047,9.538950749639499,3
Both,Neutral,3,0.5288693629279857,12.35945041672142,1
Negative,,2,0.526032183877122,10.388215261906716,1
Positive,,5,0.4865691258529452,8.937571410784804,2
Both,Negative outweighs,2,0.5810808273159782,10.96775330237608,3
Both,Negative outweighs,4,0.5793488720552213,7.795415700327153,1
Both,Neutral,3,0.3251468026761819,11.362719020885896,2
No impact,,2,0.6304340242878153,10.817214615403536,4
Both,Positive outweighs,4,0.3337508011964325,9.384383057722232,2
Positive,,4,0.6032546204341658,8.322828403105538,2
Negative,,1,0.6126705136827584,8.226638155433086,1
Positive,,4,0.39090335697848017,11.069634672691821,5
Both,Don't know,3,0.4589185712045415,12.457961004978124,5
Positive,,5,0.38942953315140644,8.72538450594241,5
Both,Don't know,4,0.47850789697112645,10.91677340710297,2
Both,Neutral,4,0.46919657158142586,5.8259459627958625,1
Both,Positive outweighs,4,0.577966053226934,8.830764538685601,3
Negative,,1,0.6310308746119608,9.937882134258196,2
Both,Neutral,4,0.6395683810789956,8.180633166036333,2
Positive,,4,0.44378319734216976,8.126987250420807,1
Both,Positive outweighs,4,0.4790778126255472,8.664440887062227,4
Positive,,5,0.33165618077790493,10.584385456652747,2
Negative,,2,0.4194129933503811,9.625341963187251,4
Both,Positive outweighs,3,0.5964851633097458,5.523537533350056,4
Positive,,5,0.6615582823548232,5.758599694729868,5
Positive,,4,0.3765651128120078,8.78626964428565,1
Both,Positive outweighs,2,0.44075357408471055,10.915373172107104,4
Both,Negative outweighs,4,0.4973594243041073,4.504990314549531,1
Both,Neutral,3,0.5280161158819607,9.000539647696739,5
Both,Neutral,2,0.4190396480078354,8.947504286965158,1
Both,Neutral,2,0.542406104446409,12.776675556416896,2
Positive,,4,0.4526160652929084,9.229956376574272,4
Negative,,1,0.4985547729121721,10.765977969481856,1
Positive,,5,0.55462842480037,10.282514280174926,3
No impact,,2,0.5006422269810937,5.738867040385599,1
Both,Negative outweighs,4,0.4563614109473431,11.536414433263474,4
Negative,,2,0.4890390196074169,10.430793010912575,5
Both,Positive outweighs,4,0.49116370407946647,11.01653727934918,5
No impact,,4,0.4629988970117872,17.852475412872653,4
Positive,,5,0.47412039373328974,5.831774121002823,2
Both,Positive outweighs,3,0.6598647170504717,13.449393299522217,2
Both,Don't know,4,0.5560919447941238,9.425104961199288,5
Both,Positive outweighs,4,0.47045196819708396,10.574657808806018,5
Positive,,5,0.5696954404510736,9.908975509397516,4
Both,Neutral,4,0.466618051024399,9.151527333203912,2
No impact,,2,0.6173124637586641,8.860334143522483,5
Both,Negative outweighs,4,0.5369642192198094,10.659017471146019,2
Both,Negative outweighs,4,0.4892697855995771,6.965652606656642,5
No impact,,3,0.5447716925810278,11.501158335043531,1
Both,Neutral,2,0.34291238479315006,9.167611190229492,3
Positive,,4,0.3873232531090195,7.739861321919284,1
Both,Negative outweighs,4,0.38060749936009447,9.099974284008372,5
Both,Neutral,3,0.5142943094763707,12.514298433725145,3
Both,Neutral,3,0.6732514999485092,8.929329825967553,3
Both,Negative outweighs,4,0.7231300146192632,10.71690723641924,5
No impact,,2,0.5638051101440757,8.538087448569053,5
No impact,,2,0.5500844474944457,11.515843699847238,2
Both,Positive outweighs,3,0.3198942265847261,11.371015477580409,5
Positive,,4,0.4457326200265978,13.697217666592824,4
No impact,,3,0.42122162480917613,9.64887210900157,5
Both,Negative outweighs,3,0.43791524017488836,11.337309609515813,4
Positive,,5,0.48318561814152106,10.196135079077889,5
No impact,,4,0.45279094223028726,12.591743563726029,2
Both,Neutral,4,0.30207001896242125,8.56233522478254,4
Both,Positive outweighs,2,0.5747910256117534,11.490010625754563,1
Both,Negative outweighs,4,0.39272569742601937,9.610605407766636,4
Negative,,1,0.523924686411115,9.871623645783005,2
Positive,,4,0.7074082669749974,10.183504968896745,4
Negative,,1,0.40806154084135765,10.504480792853355,5
Both,Neutral,4,0.246971247725367,9.767541913756084,5
Positive,,5,0.47139957781198893,10.429426366341053,2
Negative,,1,0.6100959634998571,13.156236115124369,3
Negative,,2,0.6958347454220594,11.970899371230438,5
Both,Neutral,3,0.3770450405547583,11.738309184993794,1
No impact,,3,0.5496699223236522,9.088920947952259,2
Negative,,1,0.45346895432199463,8.221518343543352,4
Negative,,1,0.48940516456958644,11.910601116475506,4
Both,Positive outweighs,3,0.7644343347017035,11.752093585059589,1
Both,Neutral,2,0.34970296716048466,12.945341351501964,5
Positive,,4,0.5253739661494573,8.792038748061541,2
Both,Neutral,3,0.5467693171765433,9.540902689279307,1
Positive,,5,0.6085786324939347,6.721031674949131,5
Positive,,5,0.5097983153470895,9.215057787878255,2
Both,Positive outweighs,4,0.5308050539504102,11.993141021158895,4
Negative,,2,0.4608351432578209,9.067009241543603,2
No impact,,2,0.5269126941245107,11.280959590401647,3
Negative,,2,0.46568077245025896,9.618993788004378,2
Both,Positive outweighs,2,0.5621571889856051,10.648114056443122,3
Both,Don't know,3,0.4630389663956366,7.704617220368665,2
Positive,,4,0.5377100393902187,10.170418899267801,3
Both,Positive outweighs,2,0.4970737186315022,4.0177280581985535,4
Positive,,4,0.6126050250772168,9.62620768367603,5
No impact,,2,0.49486062764115135,6.73905351256972,3
Positive,,4,0.32269675317931185,12.411989033093633,3
Negative,,2,0.6261921500713992,11.554814705529022,4
Positive,,5,0.4094267699137381,10.933341963932161,3
Don't know,,4,0.434623366135118,13.04201245431876,1
Both,Neutral,4,0.44043387059565076,8.102166958350326,4
Both,Negative outweighs,3,0.6374438093170818,13.494726395831115,1
Positive,,4,0.28643257860213045,11.86438312852077,4
Both,Positive outweighs,4,0.8137748533659994,9.526889425562107,3
Positive,,5,0.6056056809066052,12.271240294365889,1
No impact,,3,0.522323891412916,7.787412975176732,3
Positive,,4,0.4945105999383714,8.350971676944653,4
Positive,,4,0.5285554074857657,8.7828205535206,3
Positive,,4,0.5521122428379338,8.942044583871969,1
Both,Neutral,3,0.5645215585950057,7.8868847144794945,1
Both,Negative outweighs,4,0.5555604466003449,12.44616613419065,3
Positive,,4,0.5089580681255249,9.482291199260336,2
Both,Negative outweighs,3,0.4802661579692674,10.70500993671376,4
Both,Positive outweighs,3,0.4848726716346488,8.85929726717264,4
Both,Negative outweighs,3,0.4805091719647319,6.358793398902966,3
Both,Positive outweighs,4,0.6133770096867065,10.540114716782844,2
Negative,,1,0.5593556722280861,6.175490049160446,1
Both,Negative outweighs,4,0.20596113653357195,9.862731907829064,5
Positive,,5,0.5655900776529761,7.263369922334379,5
Positive,,5,0.5194736194718775,13.974551998461616,3
Both,Don't know,3,0.49812912435541024,11.822725444349443,2
No impact,,3,0.4611481546911114,10.21150758254296,2
Negative,,1,0.6124112719986013,12.527413355309337,4
Positive,,5,0.5947526462122859,8.307368045068529,1
Both,Positive outweighs,4,0.42271223321763907,11.086958757340186,2
Negative,,1,0.5407052287124535,10.399620867437427,5
Positive,,5,0.40283432654587137,10.52804016266734,1
Positive,,5,0.36203818352110695,12.544707000213535,1
Both,Neutral,2,0.43732827754100345,11.464984205559604,3
Both,Positive outweighs,2,0.5862393472382759,10.577447325650047,2
Positive,,5,0.5953125045376086,6.690225127543408,3
Positive,,4,0.5513085420097293,8.079907409441073,2
Positive,,5,0.5725095786847997,9.754582132808551,4
Both,Neutral,2,0.5516178287114959,10.186744748553302,3
Positive,,5,0.43585184047770476,7.739592550652152,3
Positive,,4,0.543192254467394,14.823353351156843,5
Both,Positive outweighs,2,0.5800409525227682,13.032788110507145,3
Positive,,5,0.5754291329813574,11.204236640784966,2
Both,Don't know,2,0.6188913371474642,10.144073722567489,5
Positive,,5,0.5708303847201064,9.575582060197696,3
Positive,,5,0.5351448207541583,8.096163079955529,3
Positive,,4,0.6070150238316427,10.154961037037726,4
Both,Negative outweighs,2,0.497347874075094,10.515505080285502,3
Both,Positive outweighs,3,0.41181253487722824,7.516478849036751,1
Both,Positive outweighs,3,0.4836933036056236,10.668352834489795,5
Negative,,2,0.4255097355193551,9.689481902350503,1
Both,Positive outweighs,2,0.4324821725025618,6.184384884245218,5
Positive,,4,0.48554813292844823,8.279229978440997,4
Positive,,5,0.42075800790000384,9.172788933156712,3
No impact,,2,0.46920384703609597,13.775375314680382,3
Positive,,5,0.31063853330462143,11.113106249067517,3
Positive,,5,0.5213293707372939,7.329036861800217,5
Positive,,5,0.5001205475362224,10.972072578835274,3
Positive,,4,0.4182911368931809,6.905392022123269,1
Positive,,5,0.5659245668432406,12.165382107774146,3
Both,Negative outweighs,2,0.5937570137626559,9.057750696364243,4
Both,Positive outweighs,4,0.3392440135631026,9.812727622521658,1
No impact,,4,0.42372752214337855,12.65159329508438,3
Both,Neutral,3,0.42308576502127015,7.4256728628315,3
Negative,,1,0.4060096898891135,7.205763629774017,2
Positive,,5,0.5829474841931749,8.83280134730799,5
Negative,,1,0.48061738612271965,12.076757702038634,1
Both,Negative outweighs,2,0.4735485158689389,6.961307849046316,2
Positive,,4,0.2996137635593247,4.335688803778862,4
Both,Positive outweighs,3,0.5635418030209226,9.097682283182003,5
Negative,,1,0.37607416051465276,11.10348159982184,1
Both,Negative outweighs,4,0.5059932630266328,12.400523499477659,3
Both,Neutral,2,0.5277376937958191,9.073677275829201,1
Positive,,4,0.6360658595838651,9.177146785767995,3
No impact,,3,0.3691179600880888,12.307801468511494,5
Both,Positive outweighs,4,0.19804878441791746,6.260516600609159,3
Positive,,4,0.5183849544753695,9.222958449633982,4
Both,Positive outweighs,3,0.6800511181510853,10.380847779850116,3
Both,Positive outweighs,2,0.6238946352939437,10.898437442570069,4
No impact,,3,0.5209659415274626,8.980386613618235,5
Both,Neutral,4,0.4508363814367953,10.068882023411682,5
Both,Neutral,2,0.5807122596637311,5.023345293174021,1
Positive,,5,0.40264538002955313,8.683503175332303,4
Positive,,5,0.5476357769356219,10.907017425108934,4
Both,Negative outweighs,4,0.5505470159166627,8.035411931490641,2
Both,Neutral,4,0.606020990749888,10.117968443179194,2
Positive,,4,0.7759660038911078,10.893745001605396,2
Positive,,5,0.5392415967178767,9.31490159828447,3
Both,Neutral,2,0.44910363742925014,10.340927541993143,2
No impact,,4,0.49744256878080056,8.074534869430776,4
Both,Negative outweighs,2,0.3230924095110882,9.586777440607907,3
Positive,,4,0.4305286868910942,11.220432339178444,5
Positive,,4,0.4590717561886896,10.313945921936869,1
Positive,,5,0.4475911602065408,8.826937460872129,2
No impact,,4,0.5152354872033722,10.448432808581586,5
Positive,,5,0.41775800676177993,11.429219581273236,4
Both,Neutral,4,0.6121030667324472,5.900117442845044,1
Positive,,4,0.5000207064918197,12.318148129911796,5
Both,Positive outweighs,4,0.49906996788613855,9.327490522637856,1
Both,Positive outweighs,3,0.46721052834870824,10.850979866480461,2
Both,Positive outweighs,3,0.5155190683858979,12.394493847290455,4
Positive,,5,0.5825098264667634,7.2566526055390685,1
Positive,,4,0.41328697842890993,8.581117995144908,5
Positive,,4,0.43418835109247433,9.42290260824859,2
No impact,,3,0.46962739712233353,8.432492957751144,2
Both,Positive outweighs,2,0.36541290765267853,13.469873151673617,5
Both,Negative outweighs,2,0.4180742140278502,8.286455812346414,5
Both,Don't know,4,0.45237791264553406,8.888906441026267,1
Both,Positive outweighs,4,0.5874389180712728,10.408778063205954,3
Positive,,4,0.5262561329001925,7.595700947847822,2
No impact,,2,0.5193589911367544,9.208638576487472,1
Negative,,2,0.5850897962167972,10.63490652250035,5
Negative,,1,0.4862628211600603,9.334279191234977,1
Both,Positive outweighs,4,0.539046484992889,9.813226282200104,5
Positive,,4,0.48967782470675036,8.941335775103258,4
Positive,,4,0.5265362349399628,6.971059381638466,5
Both,Negative outweighs,4,0.44172413423884177,10.643186422678477,5
Positive,,4,0.25611828417235705,13.509866143294483,5
Both,Don't know,4,0.48657208378136957,10.036803261566876,3
Positive,,5,0.642274813609994,10.4505282344951,5
Negative,,2,0.5926215402241592,11.385445510233719,2
Positive,,5,0.5965397484591171,7.461339006906602,2
Negative,,1,0.6236130721806218,13.405029316259212,1
Both,Positive outweighs,2,0.5088657590961437,10.404657592845604,3
Positive,,5,0.5197315707405595,13.263713798178218,1
Both,Negative outweighs,3,0.438234810456565,8.533934008952022,2
Both,Positive outweighs,4,0.468392714397295,13.63612384511565,2
Both,Positive outweighs,2,0.5615771149771142,11.550310988069565,4
No impact,,2,0.6203884437168816,11.106080171704717,5
Both,Don't know,4,0.48605537243190006,10.468048908706296,2
Positive,,4,0.45498107351485884,9.5029427638511,1
Positive,,5,0.5000527958856598,12.401063316947745,1
Positive,,4,0.5601206748929115,10.280719739696094,5
Both,Don't know,2,0.3556145183866458,6.065860592825695,5
Positive,,5,0.2703819046862762,7.765627076585995,4
Both,Positive outweighs,4,0.44494631505084165,9.628308495614505,3
Both,Don't know,3,0.3779287574085841,10.61999796633111,1
Negative,,1,0.4491859802352689,9.886823022200208,5
Both,Neutral,2,0.48522196811825286,12.437941579587326,1
Positive,,4,0.4546751590976987,6.09779627192275,5
Positive,,5,0.6452467534470745,10.28717587301032,2
Both,Neutral,4,0.532674476460232,6.364041549225691,1
Both,Negative outweighs,4,0.5300474359610828,11.519424590968336,2
Both,Negative outweighs,4,0.5622207144043402,9.811082571115994,1
Both,Negative outweighs,4,0.3861166882219231,10.839219944048237,3
Positive,,5,0.6039111787420268,8.272234078820468,4
Both,Neutral,3,0.49242357134645404,12.558929863315502,2
Both,Positive outweighs,4,0.5670480617241213,12.083449328117702,5
Both,Positive outweighs,3,0.39281427669598445,11.167088606023775,3
Positive,,4,0.34462412339839354,9.740965506273119,1
Both,Positive outweighs,4,0.5817889658025028,11.159714570590264,2
Negative,,1,0.5376409526097516,8.586214864025303,1
Positive,,4,0.409794844564249,11.711111318041425,1
No impact,,3,0.4130336918725306,13.298961788647842,1
Positive,,4,0.6125434784414769,12.141221119958372,4
No impact,,3,0.3810588107132672,8.54079506038518,4
Both,Neutral,2,0.6642672953255964,10.722834634546206,5
